<?xml version="1.0" encoding="utf-8"?>
<extension type="module" version="1.5" method="upgrade" client="site">
	<name>Search Videos</name>
	<version>3.8</version>
	<license>http://www.gnu.org/licenses/gpl-2.0.html GNU/GPL</license>
	<copyright>Copyright (C) 2015 Powered by Apptha</copyright>
	<description>Search Videos Module for Contus HD Video Share</description>
	<creationDate>March 2014</creationDate>
	<author>Apptha</author>
	<authorEmail>support@apptha.com</authorEmail>
	<authorUrl>http://www.apptha.com</authorUrl>
	<scriptfile>script.php</scriptfile>
	<files >
		<filename module='mod_hdvideosharesearch'>mod_hdvideosharesearch.php</filename>
		<filename>helper.php</filename>
		<filename>index.html</filename>
		<folder>tmpl</folder>
		<folder>language</folder>
	</files>
	<languages>
		<language tag="en-GB">language/en-GB/en-GB.mod_hdvideosharesearch.ini</language>
	</languages>
	<config>
		<fields name="params">
			<fieldset name="basic" addfieldpath="/modules/mod_hdvideosharesearch/fields">
				<field name="moduleclass_sfx" type="text" default="" label="Module Class Suffix" description="PARAMMODULECLASSSUFFIX" />
			</fieldset>
		</fields>
	</config>
</extension>
