<?xml version="1.0" encoding="utf-8"?>
<install type="module" version="1.6.0" client="site" method="upgrade">
    <name>Video Share Modules</name>
	<version>3.8</version>
	<license>http://www.gnu.org/licenses/gpl-2.0.html GNU/GPL</license>
	<copyright>Copyright (C) 2015 Powered by Apptha</copyright>
	<description>Popular / Recent / Featured / Category / Random / Related / Watch History and Watch Later Module for Contus HD Video Share</description>
	<creationDate>June 2014</creationDate>
	<author>Apptha</author>
	<authorEmail>support@apptha.com</authorEmail>
	<authorUrl>http://www.apptha.com</authorUrl>
	<scriptfile>script.php</scriptfile>
	<files >
		<filename module='mod_hdvideosharemodules'>mod_hdvideosharemodules.php</filename>
		<filename>helper.php</filename>
		<filename>index.html</filename>
		<filename>params.ini</filename>
		<folder>tmpl</folder>
		<folder>language</folder>
		<folder>fields</folder>
	</files>
	<languages>
		<language tag="en-GB">language/en-GB.mod_hdvideosharemodules.ini</language>
	</languages>
	<params addpath="/modules/mod_hdvideosharemodules/fields">
		<param name="moduleclass_sfx" type="text" default="/modules/mod_hdvideosharemodules/fields" label="Module Class Suffix" description="PARAMMODULECLASSSUFFIX" />
        <param name="vsmodtype" id="vsmodtype" type="vsmodtype" default="" label="Select VideoShare Module Type" description="Select VideoShare Module Type from drop down list">
        </param>
        <param name="catid" default="" id="catid" type="hdvideosharemodules" required="true" multiple="false" title="Category Name" label="Category Name" description="Category Name" />
	</params>
	<config>
		<fields name="params">
			<fieldset name="basic" addfieldpath="/modules/mod_hdvideosharemodules/fields">
				<field name="moduleclass_sfx" type="text" default="pop" label="Module Class Suffix" description="PARAMMODULECLASSSUFFIX" />
                <field id="vsmodtype" name="vsmodtype" type="vsmodtype" default="" label="Select VideoShare Module Type" description="Select VideoShare Module Type from drop down list">
                </field>
                <field name="catid" default="" id="catid" type="hdvideosharemodules" required="true" multiple="false" title="Category Name" label="Category Name" description="Category Name" />
			</fieldset>
		</fields>
	</config>
</install>